modul,Kategorie
Lineare Algebra ,Mathematik
Lineare Algebra 1,Mathematik
Lineare Algebra 2,Mathematik
Analysis 1,Mathematik
Analysis 2,Mathematik
Höhere Mathematik 1,Mathematik
Höhere Mathematik 2,Mathematik
Höhere Mathematik 3,Mathematik
Statistik,Mathematik
Stochastik,Mathematik
Numerik,Mathematik
Differentialgleichungen,Mathematik
Funktionentheorie,Mathematik
Diskrete Strukturen,Mathematik
Diskrete Mathematik,Mathematik
Logik,Mathematik
Algorithmische Mathematik,Mathematik
Computeralgebra,Mathematik
Optimierung,Mathematik
Finanzmathematik,Mathematik
Machine Learning,Mathematik
Theoretische Informatik,Mathematik
Formale Sprachen,Mathematik
Berechenbarkeit,Mathematik
Komplexitätstheorie,Mathematik
Datenstrukturen,Mathematik
Algorithmen,Mathematik
Programmierung,Mathematik
Analysis I,Mathematik
Analysis II,Mathematik
Lineare Algebra I,Mathematik
Lineare Algebra II,Mathematik
Statistik I,Mathematik
Statistik II,Mathematik
Numerik I,Mathematik
Numerik II,Mathematik
Reine Mathematik,Mathematik
Angewandte Mathematik,Mathematik
Mathematische Logik,Mathematik
Zahlentheorie,Mathematik
Algebra,Mathematik
Geometrie,Mathematik
Topologie,Mathematik
Wahrscheinlichkeitstheorie,Mathematik
Scientific Computing,Mathematik
Calculus,Mathematik
Probability,Mathematik
Algorithms,Mathematik
Data Structures,Mathematik
Logic,Mathematik
Differential Equations,Mathematik
Numerical Analysis,Mathematik
Linear Algebra,Mathematik
Analysis,Mathematik
Statistics,Mathematik
Discrete Mathematics,Mathematik
Computer Science I,Mathematik
Computer Science II,Mathematik
Programming I,Mathematik
Programming II,Mathematik
Theoretical Computer Science,Mathematik
Formal Languages and Automata,Mathematik
Computability,Mathematik
Complexity Theory,Mathematik
Mathematical Logic,Mathematik
Number Theory,Mathematik
Algebra,Mathematik
Geometry,Mathematik
Topology,Mathematik
Probability Theory,Mathematik
Financial Mathematics,Mathematik
Optimization,Mathematik
Numerical Methods,Mathematik
Statistical Methods,Mathematik
Stochastics,Mathematik
Analysis of Algorithms,Mathematik
Databases,Mathematik
Operating Systems,Mathematik
Computer Networks,Mathematik
Software Engineering,Mathematik
Artificial Intelligence,Mathematik
Introduction to Programming,Mathematik
Introduction to Computer Science,Mathematik
Introduction to Algorithms,Mathematik
Introduction to Data Structures,Mathematik
Introduction to Theoretical Computer Science,Mathematik
Introduction to Logic,Mathematik
Introduction to Probability,Mathematik
Introduction to Statistics,Mathematik
Mathematics for Computer Scientists 1,Mathematik
Mathematics for Computer Scientists 2,Mathematik
Mathematics for Computer Scientists 3,Mathematik
Analysis for Computer Scientists,Mathematik
Linear Algebra for Computer Scientists,Mathematik
Discrete Structures for Computer Scientists,Mathematik